Mean Copy Number,Median Copy Number,Standard Deviation,Skewness,Kurtosis
24928.564437003155,24937.881485326965,5070.211943735156,0.13717133263594872,-0.7648937567539593
